Plot,Species,Abbreviation,Group
1,Achillea millefolium,Achmi,Forb
1,Asclepias tuberosa,Asctu,Forb
1,Koeleria cristata,Koecr,C-3
1,Poa pratensis,Poapr,C-3
2,Bouteloua gracilis,Bougr,C-4
3,Amorpha canescens,Amoca,Legume
3,Lespedeza capitata,Lesca,Legume
3,Lupinus perennis,Luppe,Legume
3,Petalostemum villosum,Petvi,Legume
4,Anemone cylindrica,Anecy,Forb
4,Asclepias tuberosa,Asctu,Forb
4,Petalostemum villosum,Petvi,Legume
4,Sorghastrum nutans,Sornu,C-4
5,Asclepias tuberosa,Asctu,Forb
6,Andropogon gerardi,Andge,C-4
6,Bouteloua gracilis,Bougr,C-4
6,Schizachyrium scoparium,Schsc,C-4
6,Sorghastrum nutans,Sornu,C-4
7,Agropyron repens,Agrre,C-3
7,Amorpha canescens,Amoca,Legume
7,Anemone cylindrica,Anecy,Forb
7,Asclepias tuberosa,Asctu,Forb
7,Bouteloua gracilis,Bougr,C-4
7,Lupinus perennis,Luppe,Legume
7,Petalostemum villosum,Petvi,Legume
7,Solidago rigida,Solri,Forb
7,Sorghastrum nutans,Sornu,C-4
8,Schizachyrium scoparium,Schsc,C-4
9,Agropyron repens,Agrre,C-3
9,Bromus inermis,Broin,C-3
9,Koeleria cristata,Koecr,C-3
9,Poa pratensis,Poapr,C-3
10,Achillea millefolium,Achmi,Forb
10,Anemone cylindrica,Anecy,Forb
10,Koeleria cristata,Koecr,C-3
10,Sorghastrum nutans,Sornu,C-4
11,Achillea millefolium,Achmi,Forb
11,Bouteloua gracilis,Bougr,C-4
11,Bromus inermis,Broin,C-3
11,Koeleria cristata,Koecr,C-3
11,Lespedeza capitata,Lesca,Legume
11,Lupinus perennis,Luppe,Legume
11,Schizachyrium scoparium,Schsc,C-4
11,Solidago rigida,Solri,Forb
11,Sorghastrum nutans,Sornu,C-4
12,Achillea millefolium,Achmi,Forb
12,Andropogon gerardi,Andge,C-4
12,Asclepias tuberosa,Asctu,Forb
12,Bouteloua gracilis,Bougr,C-4
12,Bromus inermis,Broin,C-3
12,Lespedeza capitata,Lesca,Legume
12,Petalostemum villosum,Petvi,Legume
12,Schizachyrium scoparium,Schsc,C-4
12,Sorghastrum nutans,Sornu,C-4
13,Achillea millefolium,Achmi,Forb
13,Agropyron repens,Agrre,C-3
13,Amorpha canescens,Amoca,Legume
13,Andropogon gerardi,Andge,C-4
13,Anemone cylindrica,Anecy,Forb
13,Asclepias tuberosa,Asctu,Forb
13,Bouteloua gracilis,Bougr,C-4
13,Bromus inermis,Broin,C-3
13,Koeleria cristata,Koecr,C-3
13,Lespedeza capitata,Lesca,Legume
13,Lupinus perennis,Luppe,Legume
13,Petalostemum villosum,Petvi,Legume
13,Poa pratensis,Poapr,C-3
13,Schizachyrium scoparium,Schsc,C-4
13,Solidago rigida,Solri,Forb
13,Sorghastrum nutans,Sornu,C-4
14,Anemone cylindrica,Anecy,Forb
14,Petalostemum villosum,Petvi,Legume
14,Poa pratensis,Poapr,C-3
14,Schizachyrium scoparium,Schsc,C-4
15,Agropyron repens,Agrre,C-3
15,Anemone cylindrica,Anecy,Forb
15,Solidago rigida,Solri,Forb
15,Sorghastrum nutans,Sornu,C-4
16,Achillea millefolium,Achmi,Forb
16,Agropyron repens,Agrre,C-3
16,Anemone cylindrica,Anecy,Forb
16,Asclepias tuberosa,Asctu,Forb
16,Lespedeza capitata,Lesca,Legume
16,Petalostemum villosum,Petvi,Legume
16,Schizachyrium scoparium,Schsc,C-4
16,Solidago rigida,Solri,Forb
16,Sorghastrum nutans,Sornu,C-4
17,Agropyron repens,Agrre,C-3
17,Amorpha canescens,Amoca,Legume
17,Andropogon gerardi,Andge,C-4
17,Anemone cylindrica,Anecy,Forb
17,Asclepias tuberosa,Asctu,Forb
17,Koeleria cristata,Koecr,C-3
17,Lespedeza capitata,Lesca,Legume
17,Petalostemum villosum,Petvi,Legume
17,Solidago rigida,Solri,Forb
18,Amorpha canescens,Amoca,Legume
19,Bromus inermis,Broin,C-3
19,Lespedeza capitata,Lesca,Legume
19,Schizachyrium scoparium,Schsc,C-4
19,Sorghastrum nutans,Sornu,C-4
20,Achillea millefolium,Achmi,Forb
20,Anemone cylindrica,Anecy,Forb
20,Asclepias tuberosa,Asctu,Forb
20,Solidago rigida,Solri,Forb
21,Agropyron repens,Agrre,C-3
21,Amorpha canescens,Amoca,Legume
21,Andropogon gerardi,Andge,C-4
21,Asclepias tuberosa,Asctu,Forb
21,Bromus inermis,Broin,C-3
21,Petalostemum villosum,Petvi,Legume
21,Poa pratensis,Poapr,C-3
21,Schizachyrium scoparium,Schsc,C-4
21,Sorghastrum nutans,Sornu,C-4
22,Bromus inermis,Broin,C-3
23,Achillea millefolium,Achmi,Forb
23,Agropyron repens,Agrre,C-3
23,Amorpha canescens,Amoca,Legume
23,Andropogon gerardi,Andge,C-4
23,Anemone cylindrica,Anecy,Forb
23,Asclepias tuberosa,Asctu,Forb
23,Bouteloua gracilis,Bougr,C-4
23,Bromus inermis,Broin,C-3
23,Koeleria cristata,Koecr,C-3
23,Lespedeza capitata,Lesca,Legume
23,Lupinus perennis,Luppe,Legume
23,Petalostemum villosum,Petvi,Legume
23,Poa pratensis,Poapr,C-3
23,Schizachyrium scoparium,Schsc,C-4
23,Solidago rigida,Solri,Forb
23,Sorghastrum nutans,Sornu,C-4
24,Agropyron repens,Agrre,C-3
25,Bare ground,Bargr,N/A
26,Achillea millefolium,Achmi,Forb
26,Agropyron repens,Agrre,C-3
26,Amorpha canescens,Amoca,Legume
26,Bouteloua gracilis,Bougr,C-4
26,Koeleria cristata,Koecr,C-3
26,Lupinus perennis,Luppe,Legume
26,Poa pratensis,Poapr,C-3
26,Schizachyrium scoparium,Schsc,C-4
26,Sorghastrum nutans,Sornu,C-4
27,Achillea millefolium,Achmi,Forb
27,Anemone cylindrica,Anecy,Forb
27,Asclepias tuberosa,Asctu,Forb
27,Solidago rigida,Solri,Forb
28,Agropyron repens,Agrre,C-3
28,Bouteloua gracilis,Bougr,C-4
28,Poa pratensis,Poapr,C-3
28,Sorghastrum nutans,Sornu,C-4
29,Amorpha canescens,Amoca,Legume
29,Anemone cylindrica,Anecy,Forb
29,Asclepias tuberosa,Asctu,Forb
29,Lupinus perennis,Luppe,Legume
30,Achillea millefolium,Achmi,Forb
30,Agropyron repens,Agrre,C-3
30,Amorpha canescens,Amoca,Legume
30,Andropogon gerardi,Andge,C-4
30,Anemone cylindrica,Anecy,Forb
30,Asclepias tuberosa,Asctu,Forb
30,Bouteloua gracilis,Bougr,C-4
30,Bromus inermis,Broin,C-3
30,Koeleria cristata,Koecr,C-3
30,Lespedeza capitata,Lesca,Legume
30,Lupinus perennis,Luppe,Legume
30,Petalostemum villosum,Petvi,Legume
30,Poa pratensis,Poapr,C-3
30,Schizachyrium scoparium,Schsc,C-4
30,Solidago rigida,Solri,Forb
30,Sorghastrum nutans,Sornu,C-4
31,Asclepias tuberosa,Asctu,Forb
32,Bouteloua gracilis,Bougr,C-4
33,Achillea millefolium,Achmi,Forb
33,Agropyron repens,Agrre,C-3
33,Amorpha canescens,Amoca,Legume
33,Andropogon gerardi,Andge,C-4
33,Anemone cylindrica,Anecy,Forb
33,Asclepias tuberosa,Asctu,Forb
33,Bouteloua gracilis,Bougr,C-4
33,Bromus inermis,Broin,C-3
33,Koeleria cristata,Koecr,C-3
33,Lespedeza capitata,Lesca,Legume
33,Lupinus perennis,Luppe,Legume
33,Petalostemum villosum,Petvi,Legume
33,Poa pratensis,Poapr,C-3
33,Schizachyrium scoparium,Schsc,C-4
33,Solidago rigida,Solri,Forb
33,Sorghastrum nutans,Sornu,C-4
34,Achillea millefolium,Achmi,Forb
34,Agropyron repens,Agrre,C-3
34,Amorpha canescens,Amoca,Legume
34,Andropogon gerardi,Andge,C-4
34,Anemone cylindrica,Anecy,Forb
34,Bouteloua gracilis,Bougr,C-4
34,Bromus inermis,Broin,C-3
34,Lespedeza capitata,Lesca,Legume
34,Lupinus perennis,Luppe,Legume
35,Lespedeza capitata,Lesca,Legume
36,Agropyron repens,Agrre,C-3
37,Petalostemum villosum,Petvi,Legume
38,Andropogon gerardi,Andge,C-4
38,Lupinus perennis,Luppe,Legume
38,Petalostemum villosum,Petvi,Legume
38,Sorghastrum nutans,Sornu,C-4
39,Bromus inermis,Broin,C-3
40,Poa pratensis,Poapr,C-3
41,Agropyron repens,Agrre,C-3
41,Bromus inermis,Broin,C-3
41,Koeleria cristata,Koecr,C-3
41,Poa pratensis,Poapr,C-3
42,Solidago rigida,Solri,Forb
43,Achillea millefolium,Achmi,Forb
43,Agropyron repens,Agrre,C-3
43,Amorpha canescens,Amoca,Legume
43,Andropogon gerardi,Andge,C-4
43,Anemone cylindrica,Anecy,Forb
43,Asclepias tuberosa,Asctu,Forb
43,Bouteloua gracilis,Bougr,C-4
43,Bromus inermis,Broin,C-3
43,Koeleria cristata,Koecr,C-3
43,Lespedeza capitata,Lesca,Legume
43,Lupinus perennis,Luppe,Legume
43,Petalostemum villosum,Petvi,Legume
43,Poa pratensis,Poapr,C-3
43,Schizachyrium scoparium,Schsc,C-4
43,Solidago rigida,Solri,Forb
43,Sorghastrum nutans,Sornu,C-4
44,Lupinus perennis,Luppe,Legume
44,Petalostemum villosum,Petvi,Legume
44,Solidago rigida,Solri,Forb
44,Sorghastrum nutans,Sornu,C-4
45,Achillea millefolium,Achmi,Forb
45,Agropyron repens,Agrre,C-3
45,Amorpha canescens,Amoca,Legume
45,Andropogon gerardi,Andge,C-4
45,Anemone cylindrica,Anecy,Forb
45,Asclepias tuberosa,Asctu,Forb
45,Bouteloua gracilis,Bougr,C-4
45,Bromus inermis,Broin,C-3
45,Koeleria cristata,Koecr,C-3
45,Lespedeza capitata,Lesca,Legume
45,Lupinus perennis,Luppe,Legume
45,Petalostemum villosum,Petvi,Legume
45,Poa pratensis,Poapr,C-3
45,Schizachyrium scoparium,Schsc,C-4
45,Solidago rigida,Solri,Forb
45,Sorghastrum nutans,Sornu,C-4
46,Anemone cylindrica,Anecy,Forb
47,Koeleria cristata,Koecr,C-3
48,Achillea millefolium,Achmi,Forb
48,Agropyron repens,Agrre,C-3
48,Amorpha canescens,Amoca,Legume
48,Asclepias tuberosa,Asctu,Forb
48,Bromus inermis,Broin,C-3
48,Lespedeza capitata,Lesca,Legume
48,Lupinus perennis,Luppe,Legume
48,Poa pratensis,Poapr,C-3
48,Schizachyrium scoparium,Schsc,C-4
49,Achillea millefolium,Achmi,Forb
50,Andropogon gerardi,Andge,C-4
50,Anemone cylindrica,Anecy,Forb
50,Asclepias tuberosa,Asctu,Forb
50,Bouteloua gracilis,Bougr,C-4
50,Koeleria cristata,Koecr,C-3
50,Lupinus perennis,Luppe,Legume
50,Poa pratensis,Poapr,C-3
50,Schizachyrium scoparium,Schsc,C-4
50,Solidago rigida,Solri,Forb
51,Achillea millefolium,Achmi,Forb
51,Agropyron repens,Agrre,C-3
51,Amorpha canescens,Amoca,Legume
51,Andropogon gerardi,Andge,C-4
51,Anemone cylindrica,Anecy,Forb
51,Asclepias tuberosa,Asctu,Forb
51,Bouteloua gracilis,Bougr,C-4
51,Bromus inermis,Broin,C-3
51,Koeleria cristata,Koecr,C-3
51,Lespedeza capitata,Lesca,Legume
51,Lupinus perennis,Luppe,Legume
51,Petalostemum villosum,Petvi,Legume
51,Poa pratensis,Poapr,C-3
51,Schizachyrium scoparium,Schsc,C-4
51,Solidago rigida,Solri,Forb
51,Sorghastrum nutans,Sornu,C-4
52,Achillea millefolium,Achmi,Forb
52,Agropyron repens,Agrre,C-3
52,Amorpha canescens,Amoca,Legume
52,Andropogon gerardi,Andge,C-4
52,Anemone cylindrica,Anecy,Forb
52,Asclepias tuberosa,Asctu,Forb
52,Bouteloua gracilis,Bougr,C-4
52,Bromus inermis,Broin,C-3
52,Koeleria cristata,Koecr,C-3
52,Lespedeza capitata,Lesca,Legume
52,Lupinus perennis,Luppe,Legume
52,Petalostemum villosum,Petvi,Legume
52,Poa pratensis,Poapr,C-3
52,Schizachyrium scoparium,Schsc,C-4
52,Solidago rigida,Solri,Forb
52,Sorghastrum nutans,Sornu,C-4
53,Solidago rigida,Solri,Forb
54,Andropogon gerardi,Andge,C-4
54,Bouteloua gracilis,Bougr,C-4
54,Schizachyrium scoparium,Schsc,C-4
54,Sorghastrum nutans,Sornu,C-4
55,Lupinus perennis,Luppe,Legume
56,Amorpha canescens,Amoca,Legume
56,Lespedeza capitata,Lesca,Legume
56,Lupinus perennis,Luppe,Legume
56,Petalostemum villosum,Petvi,Legume
57,Schizachyrium scoparium,Schsc,C-4
58,Agropyron repens,Agrre,C-3
58,Lupinus perennis,Luppe,Legume
58,Poa pratensis,Poapr,C-3
58,Solidago rigida,Solri,Forb
59,Bouteloua gracilis,Bougr,C-4
59,Bromus inermis,Broin,C-3
59,Petalostemum villosum,Petvi,Legume
59,Solidago rigida,Solri,Forb
60,Andropogon gerardi,Andge,C-4
61,Bare ground,Bargr,N/A
62,Amorpha canescens,Amoca,Legume
62,Koeleria cristata,Koecr,C-3
62,Schizachyrium scoparium,Schsc,C-4
62,Solidago rigida,Solri,Forb
63,Bouteloua gracilis,Bougr,C-4
63,Poa pratensis,Poapr,C-3
63,Solidago rigida,Solri,Forb
63,Sorghastrum nutans,Sornu,C-4
64,Achillea millefolium,Achmi,Forb
64,Agropyron repens,Agrre,C-3
64,Amorpha canescens,Amoca,Legume
64,Andropogon gerardi,Andge,C-4
64,Anemone cylindrica,Anecy,Forb
64,Asclepias tuberosa,Asctu,Forb
64,Bouteloua gracilis,Bougr,C-4
64,Bromus inermis,Broin,C-3
64,Koeleria cristata,Koecr,C-3
64,Lespedeza capitata,Lesca,Legume
64,Lupinus perennis,Luppe,Legume
64,Petalostemum villosum,Petvi,Legume
64,Poa pratensis,Poapr,C-3
64,Schizachyrium scoparium,Schsc,C-4
64,Solidago rigida,Solri,Forb
64,Sorghastrum nutans,Sornu,C-4
65,Achillea millefolium,Achmi,Forb
65,Agropyron repens,Agrre,C-3
65,Amorpha canescens,Amoca,Legume
65,Bouteloua gracilis,Bougr,C-4
65,Koeleria cristata,Koecr,C-3
65,Lupinus perennis,Luppe,Legume
65,Schizachyrium scoparium,Schsc,C-4
65,Solidago rigida,Solri,Forb
65,Sorghastrum nutans,Sornu,C-4
66,Anemone cylindrica,Anecy,Forb
66,Asclepias tuberosa,Asctu,Forb
66,Bouteloua gracilis,Bougr,C-4
66,Bromus inermis,Broin,C-3
66,Koeleria cristata,Koecr,C-3
66,Lespedeza capitata,Lesca,Legume
66,Lupinus perennis,Luppe,Legume
66,Schizachyrium scoparium,Schsc,C-4
66,Sorghastrum nutans,Sornu,C-4
67,Achillea millefolium,Achmi,Forb
67,Agropyron repens,Agrre,C-3
67,Amorpha canescens,Amoca,Legume
67,Andropogon gerardi,Andge,C-4
67,Anemone cylindrica,Anecy,Forb
67,Asclepias tuberosa,Asctu,Forb
67,Bouteloua gracilis,Bougr,C-4
67,Bromus inermis,Broin,C-3
67,Koeleria cristata,Koecr,C-3
67,Lespedeza capitata,Lesca,Legume
67,Lupinus perennis,Luppe,Legume
67,Petalostemum villosum,Petvi,Legume
67,Poa pratensis,Poapr,C-3
67,Schizachyrium scoparium,Schsc,C-4
67,Solidago rigida,Solri,Forb
67,Sorghastrum nutans,Sornu,C-4
68,Schizachyrium scoparium,Schsc,C-4
69,Achillea millefolium,Achmi,Forb
69,Agropyron repens,Agrre,C-3
69,Amorpha canescens,Amoca,Legume
69,Andropogon gerardi,Andge,C-4
69,Anemone cylindrica,Anecy,Forb
69,Asclepias tuberosa,Asctu,Forb
69,Bouteloua gracilis,Bougr,C-4
69,Bromus inermis,Broin,C-3
69,Koeleria cristata,Koecr,C-3
69,Lespedeza capitata,Lesca,Legume
69,Lupinus perennis,Luppe,Legume
69,Petalostemum villosum,Petvi,Legume
69,Poa pratensis,Poapr,C-3
69,Schizachyrium scoparium,Schsc,C-4
69,Solidago rigida,Solri,Forb
69,Sorghastrum nutans,Sornu,C-4
70,Andropogon gerardi,Andge,C-4
71,Sorghastrum nutans,Sornu,C-4
72,Petalostemum villosum,Petvi,Legume
73,Bare ground,Bargr,N/A
74,Amorpha canescens,Amoca,Legume
74,Lespedeza capitata,Lesca,Legume
74,Lupinus perennis,Luppe,Legume
74,Petalostemum villosum,Petvi,Legume
75,Amorpha canescens,Amoca,Legume
75,Anemone cylindrica,Anecy,Forb
75,Lupinus perennis,Luppe,Legume
75,Schizachyrium scoparium,Schsc,C-4
76,Andropogon gerardi,Andge,C-4
76,Bouteloua gracilis,Bougr,C-4
76,Schizachyrium scoparium,Schsc,C-4
76,Sorghastrum nutans,Sornu,C-4
77,Anemone cylindrica,Anecy,Forb
78,Achillea millefolium,Achmi,Forb
78,Anemone cylindrica,Anecy,Forb
78,Lupinus perennis,Luppe,Legume
78,Solidago rigida,Solri,Forb
79,Agropyron repens,Agrre,C-3
79,Asclepias tuberosa,Asctu,Forb
79,Bromus inermis,Broin,C-3
79,Petalostemum villosum,Petvi,Legume
80,Agropyron repens,Agrre,C-3
80,Bromus inermis,Broin,C-3
80,Koeleria cristata,Koecr,C-3
80,Poa pratensis,Poapr,C-3
81,Bouteloua gracilis,Bougr,C-4
82,Asclepias tuberosa,Asctu,Forb
82,Koeleria cristata,Koecr,C-3
82,Poa pratensis,Poapr,C-3
82,Sorghastrum nutans,Sornu,C-4
83,Achillea millefolium,Achmi,Forb
83,Agropyron repens,Agrre,C-3
83,Amorpha canescens,Amoca,Legume
83,Anemone cylindrica,Anecy,Forb
83,Asclepias tuberosa,Asctu,Forb
83,Koeleria cristata,Koecr,C-3
83,Lupinus perennis,Luppe,Legume
83,Petalostemum villosum,Petvi,Legume
83,Schizachyrium scoparium,Schsc,C-4
84,Amorpha canescens,Amoca,Legume
84,Andropogon gerardi,Andge,C-4
84,Asclepias tuberosa,Asctu,Forb
84,Bouteloua gracilis,Bougr,C-4
84,Lespedeza capitata,Lesca,Legume
84,Lupinus perennis,Luppe,Legume
84,Petalostemum villosum,Petvi,Legume
84,Poa pratensis,Poapr,C-3
84,Schizachyrium scoparium,Schsc,C-4
85,Amorpha canescens,Amoca,Legume
85,Bouteloua gracilis,Bougr,C-4
85,Lespedeza capitata,Lesca,Legume
85,Sorghastrum nutans,Sornu,C-4
86,Achillea millefolium,Achmi,Forb
86,Asclepias tuberosa,Asctu,Forb
86,Bouteloua gracilis,Bougr,C-4
86,Petalostemum villosum,Petvi,Legume
87,Agropyron repens,Agrre,C-3
87,Amorpha canescens,Amoca,Legume
87,Andropogon gerardi,Andge,C-4
87,Anemone cylindrica,Anecy,Forb
87,Lespedeza capitata,Lesca,Legume
87,Lupinus perennis,Luppe,Legume
87,Petalostemum villosum,Petvi,Legume
87,Poa pratensis,Poapr,C-3
87,Schizachyrium scoparium,Schsc,C-4
88,Amorpha canescens,Amoca,Legume
88,Anemone cylindrica,Anecy,Forb
88,Bromus inermis,Broin,C-3
88,Schizachyrium scoparium,Schsc,C-4
89,Achillea millefolium,Achmi,Forb
89,Anemone cylindrica,Anecy,Forb
89,Asclepias tuberosa,Asctu,Forb
89,Solidago rigida,Solri,Forb
90,Sorghastrum nutans,Sornu,C-4
91,Achillea millefolium,Achmi,Forb
91,Amorpha canescens,Amoca,Legume
91,Andropogon gerardi,Andge,C-4
91,Lupinus perennis,Luppe,Legume
92,Achillea millefolium,Achmi,Forb
92,Amorpha canescens,Amoca,Legume
92,Andropogon gerardi,Andge,C-4
92,Anemone cylindrica,Anecy,Forb
92,Asclepias tuberosa,Asctu,Forb
92,Bromus inermis,Broin,C-3
92,Petalostemum villosum,Petvi,Legume
92,Solidago rigida,Solri,Forb
92,Sorghastrum nutans,Sornu,C-4
93,Amorpha canescens,Amoca,Legume
93,Lespedeza capitata,Lesca,Legume
93,Lupinus perennis,Luppe,Legume
93,Petalostemum villosum,Petvi,Legume
94,Asclepias tuberosa,Asctu,Forb
95,Achillea millefolium,Achmi,Forb
95,Anemone cylindrica,Anecy,Forb
95,Asclepias tuberosa,Asctu,Forb
95,Solidago rigida,Solri,Forb
96,Lupinus perennis,Luppe,Legume
97,Achillea millefolium,Achmi,Forb
97,Agropyron repens,Agrre,C-3
97,Amorpha canescens,Amoca,Legume
97,Asclepias tuberosa,Asctu,Forb
97,Bromus inermis,Broin,C-3
97,Koeleria cristata,Koecr,C-3
97,Lespedeza capitata,Lesca,Legume
97,Petalostemum villosum,Petvi,Legume
97,Sorghastrum nutans,Sornu,C-4
98,Agropyron repens,Agrre,C-3
98,Bromus inermis,Broin,C-3
98,Koeleria cristata,Koecr,C-3
98,Poa pratensis,Poapr,C-3
99,Solidago rigida,Solri,Forb
100,Lupinus perennis,Luppe,Legume
101,Andropogon gerardi,Andge,C-4
102,Petalostemum villosum,Petvi,Legume
103,Bromus inermis,Broin,C-3
104,Achillea millefolium,Achmi,Forb
104,Agropyron repens,Agrre,C-3
104,Amorpha canescens,Amoca,Legume
104,Andropogon gerardi,Andge,C-4
104,Anemone cylindrica,Anecy,Forb
104,Asclepias tuberosa,Asctu,Forb
104,Bouteloua gracilis,Bougr,C-4
104,Bromus inermis,Broin,C-3
104,Koeleria cristata,Koecr,C-3
104,Lespedeza capitata,Lesca,Legume
104,Lupinus perennis,Luppe,Legume
104,Petalostemum villosum,Petvi,Legume
104,Poa pratensis,Poapr,C-3
104,Schizachyrium scoparium,Schsc,C-4
104,Solidago rigida,Solri,Forb
104,Sorghastrum nutans,Sornu,C-4
105,Andropogon gerardi,Andge,C-4
105,Bouteloua gracilis,Bougr,C-4
105,Schizachyrium scoparium,Schsc,C-4
105,Sorghastrum nutans,Sornu,C-4
106,Agropyron repens,Agrre,C-3
106,Andropogon gerardi,Andge,C-4
106,Asclepias tuberosa,Asctu,Forb
106,Bouteloua gracilis,Bougr,C-4
106,Koeleria cristata,Koecr,C-3
106,Lupinus perennis,Luppe,Legume
106,Poa pratensis,Poapr,C-3
106,Schizachyrium scoparium,Schsc,C-4
106,Sorghastrum nutans,Sornu,C-4
107,Achillea millefolium,Achmi,Forb
107,Agropyron repens,Agrre,C-3
107,Amorpha canescens,Amoca,Legume
107,Andropogon gerardi,Andge,C-4
107,Anemone cylindrica,Anecy,Forb
107,Asclepias tuberosa,Asctu,Forb
107,Bouteloua gracilis,Bougr,C-4
107,Bromus inermis,Broin,C-3
107,Koeleria cristata,Koecr,C-3
107,Lespedeza capitata,Lesca,Legume
107,Lupinus perennis,Luppe,Legume
107,Petalostemum villosum,Petvi,Legume
107,Poa pratensis,Poapr,C-3
107,Schizachyrium scoparium,Schsc,C-4
107,Solidago rigida,Solri,Forb
107,Sorghastrum nutans,Sornu,C-4
108,Achillea millefolium,Achmi,Forb
108,Agropyron repens,Agrre,C-3
108,Amorpha canescens,Amoca,Legume
108,Andropogon gerardi,Andge,C-4
108,Anemone cylindrica,Anecy,Forb
108,Asclepias tuberosa,Asctu,Forb
108,Bouteloua gracilis,Bougr,C-4
108,Bromus inermis,Broin,C-3
108,Koeleria cristata,Koecr,C-3
108,Lespedeza capitata,Lesca,Legume
108,Lupinus perennis,Luppe,Legume
108,Petalostemum villosum,Petvi,Legume
108,Poa pratensis,Poapr,C-3
108,Schizachyrium scoparium,Schsc,C-4
108,Solidago rigida,Solri,Forb
108,Sorghastrum nutans,Sornu,C-4
109,Bromus inermis,Broin,C-3
110,Achillea millefolium,Achmi,Forb
110,Agropyron repens,Agrre,C-3
110,Amorpha canescens,Amoca,Legume
110,Andropogon gerardi,Andge,C-4
110,Anemone cylindrica,Anecy,Forb
110,Asclepias tuberosa,Asctu,Forb
110,Bouteloua gracilis,Bougr,C-4
110,Bromus inermis,Broin,C-3
110,Koeleria cristata,Koecr,C-3
110,Lespedeza capitata,Lesca,Legume
110,Lupinus perennis,Luppe,Legume
110,Petalostemum villosum,Petvi,Legume
110,Poa pratensis,Poapr,C-3
110,Schizachyrium scoparium,Schsc,C-4
110,Solidago rigida,Solri,Forb
110,Sorghastrum nutans,Sornu,C-4
111,Agropyron repens,Agrre,C-3
112,Agropyron repens,Agrre,C-3
113,Poa pratensis,Poapr,C-3
114,Asclepias tuberosa,Asctu,Forb
114,Bromus inermis,Broin,C-3
114,Lespedeza capitata,Lesca,Legume
114,Solidago rigida,Solri,Forb
115,Poa pratensis,Poapr,C-3
116,Lespedeza capitata,Lesca,Legume
117,Achillea millefolium,Achmi,Forb
117,Agropyron repens,Agrre,C-3
117,Andropogon gerardi,Andge,C-4
117,Anemone cylindrica,Anecy,Forb
117,Bouteloua gracilis,Bougr,C-4
117,Bromus inermis,Broin,C-3
117,Poa pratensis,Poapr,C-3
117,Solidago rigida,Solri,Forb
117,Sorghastrum nutans,Sornu,C-4
118,Achillea millefolium,Achmi,Forb
118,Agropyron repens,Agrre,C-3
118,Amorpha canescens,Amoca,Legume
118,Andropogon gerardi,Andge,C-4
118,Anemone cylindrica,Anecy,Forb
118,Asclepias tuberosa,Asctu,Forb
118,Bouteloua gracilis,Bougr,C-4
118,Bromus inermis,Broin,C-3
118,Koeleria cristata,Koecr,C-3
118,Lespedeza capitata,Lesca,Legume
118,Lupinus perennis,Luppe,Legume
118,Petalostemum villosum,Petvi,Legume
118,Poa pratensis,Poapr,C-3
118,Schizachyrium scoparium,Schsc,C-4
118,Solidago rigida,Solri,Forb
118,Sorghastrum nutans,Sornu,C-4
119,Agropyron repens,Agrre,C-3
119,Andropogon gerardi,Andge,C-4
119,Bromus inermis,Broin,C-3
119,Koeleria cristata,Koecr,C-3
119,Lespedeza capitata,Lesca,Legume
119,Petalostemum villosum,Petvi,Legume
119,Schizachyrium scoparium,Schsc,C-4
119,Solidago rigida,Solri,Forb
119,Sorghastrum nutans,Sornu,C-4
120,Achillea millefolium,Achmi,Forb
120,Agropyron repens,Agrre,C-3
120,Koeleria cristata,Koecr,C-3
120,Petalostemum villosum,Petvi,Legume
121,Agropyron repens,Agrre,C-3
121,Andropogon gerardi,Andge,C-4
121,Koeleria cristata,Koecr,C-3
121,Schizachyrium scoparium,Schsc,C-4
122,Koeleria cristata,Koecr,C-3
123,Sorghastrum nutans,Sornu,C-4
124,Andropogon gerardi,Andge,C-4
124,Bouteloua gracilis,Bougr,C-4
124,Schizachyrium scoparium,Schsc,C-4
124,Sorghastrum nutans,Sornu,C-4
125,Asclepias tuberosa,Asctu,Forb
125,Lespedeza capitata,Lesca,Legume
125,Petalostemum villosum,Petvi,Legume
125,Solidago rigida,Solri,Forb
126,Sorghastrum nutans,Sornu,C-4
127,Agropyron repens,Agrre,C-3
127,Bromus inermis,Broin,C-3
127,Koeleria cristata,Koecr,C-3
127,Lespedeza capitata,Lesca,Legume
128,Amorpha canescens,Amoca,Legume
128,Andropogon gerardi,Andge,C-4
128,Anemone cylindrica,Anecy,Forb
128,Asclepias tuberosa,Asctu,Forb
128,Bromus inermis,Broin,C-3
128,Koeleria cristata,Koecr,C-3
128,Lespedeza capitata,Lesca,Legume
128,Schizachyrium scoparium,Schsc,C-4
128,Solidago rigida,Solri,Forb
129,Agropyron repens,Agrre,C-3
129,Anemone cylindrica,Anecy,Forb
129,Poa pratensis,Poapr,C-3
129,Schizachyrium scoparium,Schsc,C-4
130,Achillea millefolium,Achmi,Forb
130,Agropyron repens,Agrre,C-3
130,Amorpha canescens,Amoca,Legume
130,Andropogon gerardi,Andge,C-4
130,Anemone cylindrica,Anecy,Forb
130,Asclepias tuberosa,Asctu,Forb
130,Bouteloua gracilis,Bougr,C-4
130,Bromus inermis,Broin,C-3
130,Koeleria cristata,Koecr,C-3
130,Lespedeza capitata,Lesca,Legume
130,Lupinus perennis,Luppe,Legume
130,Petalostemum villosum,Petvi,Legume
130,Poa pratensis,Poapr,C-3
130,Schizachyrium scoparium,Schsc,C-4
130,Solidago rigida,Solri,Forb
130,Sorghastrum nutans,Sornu,C-4
131,Achillea millefolium,Achmi,Forb
131,Amorpha canescens,Amoca,Legume
131,Bromus inermis,Broin,C-3
131,Koeleria cristata,Koecr,C-3
131,Lespedeza capitata,Lesca,Legume
131,Lupinus perennis,Luppe,Legume
131,Petalostemum villosum,Petvi,Legume
131,Schizachyrium scoparium,Schsc,C-4
131,Sorghastrum nutans,Sornu,C-4
132,Schizachyrium scoparium,Schsc,C-4
133,Achillea millefolium,Achmi,Forb
133,Bouteloua gracilis,Bougr,C-4
133,Bromus inermis,Broin,C-3
133,Koeleria cristata,Koecr,C-3
133,Petalostemum villosum,Petvi,Legume
133,Poa pratensis,Poapr,C-3
133,Schizachyrium scoparium,Schsc,C-4
133,Solidago rigida,Solri,Forb
133,Sorghastrum nutans,Sornu,C-4
134,Koeleria cristata,Koecr,C-3
135,Lupinus perennis,Luppe,Legume
136,Achillea millefolium,Achmi,Forb
136,Anemone cylindrica,Anecy,Forb
136,Asclepias tuberosa,Asctu,Forb
136,Solidago rigida,Solri,Forb
137,Lespedeza capitata,Lesca,Legume
138,Poa pratensis,Poapr,C-3
139,Petalostemum villosum,Petvi,Legume
140,Andropogon gerardi,Andge,C-4
141,Lupinus perennis,Luppe,Legume
142,Anemone cylindrica,Anecy,Forb
143,Solidago rigida,Solri,Forb
144,Agropyron repens,Agrre,C-3
145,Agropyron repens,Agrre,C-3
146,Anemone cylindrica,Anecy,Forb
147,Achillea millefolium,Achmi,Forb
147,Agropyron repens,Agrre,C-3
147,Amorpha canescens,Amoca,Legume
147,Andropogon gerardi,Andge,C-4
147,Anemone cylindrica,Anecy,Forb
147,Asclepias tuberosa,Asctu,Forb
147,Bouteloua gracilis,Bougr,C-4
147,Bromus inermis,Broin,C-3
147,Koeleria cristata,Koecr,C-3
147,Lespedeza capitata,Lesca,Legume
147,Lupinus perennis,Luppe,Legume
147,Petalostemum villosum,Petvi,Legume
147,Poa pratensis,Poapr,C-3
147,Schizachyrium scoparium,Schsc,C-4
147,Solidago rigida,Solri,Forb
147,Sorghastrum nutans,Sornu,C-4
148,Andropogon gerardi,Andge,C-4
148,Asclepias tuberosa,Asctu,Forb
148,Lespedeza capitata,Lesca,Legume
148,Schizachyrium scoparium,Schsc,C-4
149,Agropyron repens,Agrre,C-3
149,Amorpha canescens,Amoca,Legume
149,Andropogon gerardi,Andge,C-4
149,Koeleria cristata,Koecr,C-3
149,Lespedeza capitata,Lesca,Legume
149,Lupinus perennis,Luppe,Legume
149,Schizachyrium scoparium,Schsc,C-4
149,Solidago rigida,Solri,Forb
149,Sorghastrum nutans,Sornu,C-4
150,Amorpha canescens,Amoca,Legume
150,Lespedeza capitata,Lesca,Legume
150,Lupinus perennis,Luppe,Legume
150,Petalostemum villosum,Petvi,Legume
151,Achillea millefolium,Achmi,Forb
151,Agropyron repens,Agrre,C-3
151,Amorpha canescens,Amoca,Legume
151,Andropogon gerardi,Andge,C-4
151,Anemone cylindrica,Anecy,Forb
151,Asclepias tuberosa,Asctu,Forb
151,Bouteloua gracilis,Bougr,C-4
151,Bromus inermis,Broin,C-3
151,Koeleria cristata,Koecr,C-3
151,Lespedeza capitata,Lesca,Legume
151,Lupinus perennis,Luppe,Legume
151,Petalostemum villosum,Petvi,Legume
151,Poa pratensis,Poapr,C-3
151,Schizachyrium scoparium,Schsc,C-4
151,Solidago rigida,Solri,Forb
151,Sorghastrum nutans,Sornu,C-4
152,Andropogon gerardi,Andge,C-4
152,Bouteloua gracilis,Bougr,C-4
152,Schizachyrium scoparium,Schsc,C-4
152,Sorghastrum nutans,Sornu,C-4
153,Solidago rigida,Solri,Forb
154,Anemone cylindrica,Anecy,Forb
154,Lespedeza capitata,Lesca,Legume
154,Poa pratensis,Poapr,C-3
154,Sorghastrum nutans,Sornu,C-4
155,Achillea millefolium,Achmi,Forb
155,Amorpha canescens,Amoca,Legume
155,Koeleria cristata,Koecr,C-3
155,Sorghastrum nutans,Sornu,C-4
156,Amorpha canescens,Amoca,Legume
156,Anemone cylindrica,Anecy,Forb
156,Asclepias tuberosa,Asctu,Forb
156,Solidago rigida,Solri,Forb
157,Agropyron repens,Agrre,C-3
157,Bromus inermis,Broin,C-3
157,Koeleria cristata,Koecr,C-3
157,Poa pratensis,Poapr,C-3
158,Amorpha canescens,Amoca,Legume
159,Achillea millefolium,Achmi,Forb
160,Asclepias tuberosa,Asctu,Forb
161,Agropyron repens,Agrre,C-3
161,Amorpha canescens,Amoca,Legume
161,Andropogon gerardi,Andge,C-4
161,Anemone cylindrica,Anecy,Forb
161,Koeleria cristata,Koecr,C-3
161,Lespedeza capitata,Lesca,Legume
161,Petalostemum villosum,Petvi,Legume
161,Poa pratensis,Poapr,C-3
161,Sorghastrum nutans,Sornu,C-4
162,Agropyron repens,Agrre,C-3
162,Andropogon gerardi,Andge,C-4
162,Bromus inermis,Broin,C-3
162,Petalostemum villosum,Petvi,Legume
163,Achillea millefolium,Achmi,Forb
163,Agropyron repens,Agrre,C-3
163,Amorpha canescens,Amoca,Legume
163,Andropogon gerardi,Andge,C-4
163,Anemone cylindrica,Anecy,Forb
163,Asclepias tuberosa,Asctu,Forb
163,Bouteloua gracilis,Bougr,C-4
163,Bromus inermis,Broin,C-3
163,Koeleria cristata,Koecr,C-3
163,Lespedeza capitata,Lesca,Legume
163,Lupinus perennis,Luppe,Legume
163,Petalostemum villosum,Petvi,Legume
163,Poa pratensis,Poapr,C-3
163,Schizachyrium scoparium,Schsc,C-4
163,Solidago rigida,Solri,Forb
163,Sorghastrum nutans,Sornu,C-4
164,Bouteloua gracilis,Bougr,C-4
164,Bromus inermis,Broin,C-3
164,Lupinus perennis,Luppe,Legume
164,Solidago rigida,Solri,Forb
165,Agropyron repens,Agrre,C-3
165,Amorpha canescens,Amoca,Legume
165,Andropogon gerardi,Andge,C-4
165,Bouteloua gracilis,Bougr,C-4
165,Lespedeza capitata,Lesca,Legume
165,Lupinus perennis,Luppe,Legume
165,Petalostemum villosum,Petvi,Legume
165,Poa pratensis,Poapr,C-3
165,Sorghastrum nutans,Sornu,C-4
166,Agropyron repens,Agrre,C-3
166,Amorpha canescens,Amoca,Legume
166,Asclepias tuberosa,Asctu,Forb
166,Bouteloua gracilis,Bougr,C-4
166,Koeleria cristata,Koecr,C-3
166,Lespedeza capitata,Lesca,Legume
166,Petalostemum villosum,Petvi,Legume
166,Poa pratensis,Poapr,C-3
166,Sorghastrum nutans,Sornu,C-4
167,Lespedeza capitata,Lesca,Legume
167,Petalostemum villosum,Petvi,Legume
167,Poa pratensis,Poapr,C-3
167,Solidago rigida,Solri,Forb
168,Agropyron repens,Agrre,C-3
168,Bromus inermis,Broin,C-3
168,Koeleria cristata,Koecr,C-3
168,Poa pratensis,Poapr,C-3
169,Amorpha canescens,Amoca,Legume
170,Achillea millefolium,Achmi,Forb
170,Anemone cylindrica,Anecy,Forb
170,Bromus inermis,Broin,C-3
170,Koeleria cristata,Koecr,C-3
170,Lespedeza capitata,Lesca,Legume
170,Petalostemum villosum,Petvi,Legume
170,Poa pratensis,Poapr,C-3
170,Schizachyrium scoparium,Schsc,C-4
170,Solidago rigida,Solri,Forb
171,Achillea millefolium,Achmi,Forb
171,Agropyron repens,Agrre,C-3
171,Andropogon gerardi,Andge,C-4
171,Anemone cylindrica,Anecy,Forb
171,Bouteloua gracilis,Bougr,C-4
171,Bromus inermis,Broin,C-3
171,Koeleria cristata,Koecr,C-3
171,Lespedeza capitata,Lesca,Legume
171,Sorghastrum nutans,Sornu,C-4
172,Achillea millefolium,Achmi,Forb
172,Anemone cylindrica,Anecy,Forb
172,Asclepias tuberosa,Asctu,Forb
172,Solidago rigida,Solri,Forb
173,Achillea millefolium,Achmi,Forb
173,Agropyron repens,Agrre,C-3
173,Amorpha canescens,Amoca,Legume
173,Andropogon gerardi,Andge,C-4
173,Anemone cylindrica,Anecy,Forb
173,Asclepias tuberosa,Asctu,Forb
173,Bouteloua gracilis,Bougr,C-4
173,Bromus inermis,Broin,C-3
173,Koeleria cristata,Koecr,C-3
173,Lespedeza capitata,Lesca,Legume
173,Lupinus perennis,Luppe,Legume
173,Petalostemum villosum,Petvi,Legume
173,Poa pratensis,Poapr,C-3
173,Schizachyrium scoparium,Schsc,C-4
173,Solidago rigida,Solri,Forb
173,Sorghastrum nutans,Sornu,C-4
174,Bromus inermis,Broin,C-3
175,Achillea millefolium,Achmi,Forb
175,Agropyron repens,Agrre,C-3
175,Amorpha canescens,Amoca,Legume
175,Andropogon gerardi,Andge,C-4
175,Anemone cylindrica,Anecy,Forb
175,Asclepias tuberosa,Asctu,Forb
175,Bouteloua gracilis,Bougr,C-4
175,Bromus inermis,Broin,C-3
175,Koeleria cristata,Koecr,C-3
175,Lespedeza capitata,Lesca,Legume
175,Lupinus perennis,Luppe,Legume
175,Petalostemum villosum,Petvi,Legume
175,Poa pratensis,Poapr,C-3
175,Schizachyrium scoparium,Schsc,C-4
175,Solidago rigida,Solri,Forb
175,Sorghastrum nutans,Sornu,C-4
176,Andropogon gerardi,Andge,C-4
176,Lupinus perennis,Luppe,Legume
176,Solidago rigida,Solri,Forb
176,Sorghastrum nutans,Sornu,C-4
177,Achillea millefolium,Achmi,Forb
177,Andropogon gerardi,Andge,C-4
177,Anemone cylindrica,Anecy,Forb
177,Asclepias tuberosa,Asctu,Forb
177,Koeleria cristata,Koecr,C-3
177,Lespedeza capitata,Lesca,Legume
177,Petalostemum villosum,Petvi,Legume
177,Poa pratensis,Poapr,C-3
177,Solidago rigida,Solri,Forb
178,Achillea millefolium,Achmi,Forb
178,Andropogon gerardi,Andge,C-4
178,Anemone cylindrica,Anecy,Forb
178,Bromus inermis,Broin,C-3
179,Achillea millefolium,Achmi,Forb
179,Agropyron repens,Agrre,C-3
179,Amorpha canescens,Amoca,Legume
179,Andropogon gerardi,Andge,C-4
179,Anemone cylindrica,Anecy,Forb
179,Asclepias tuberosa,Asctu,Forb
179,Bouteloua gracilis,Bougr,C-4
179,Bromus inermis,Broin,C-3
179,Koeleria cristata,Koecr,C-3
179,Lespedeza capitata,Lesca,Legume
179,Lupinus perennis,Luppe,Legume
179,Petalostemum villosum,Petvi,Legume
179,Poa pratensis,Poapr,C-3
179,Schizachyrium scoparium,Schsc,C-4
179,Solidago rigida,Solri,Forb
179,Sorghastrum nutans,Sornu,C-4
180,Achillea millefolium,Achmi,Forb
180,Agropyron repens,Agrre,C-3
180,Amorpha canescens,Amoca,Legume
180,Andropogon gerardi,Andge,C-4
180,Anemone cylindrica,Anecy,Forb
180,Asclepias tuberosa,Asctu,Forb
180,Bouteloua gracilis,Bougr,C-4
180,Bromus inermis,Broin,C-3
180,Koeleria cristata,Koecr,C-3
180,Lespedeza capitata,Lesca,Legume
180,Lupinus perennis,Luppe,Legume
180,Petalostemum villosum,Petvi,Legume
180,Poa pratensis,Poapr,C-3
180,Schizachyrium scoparium,Schsc,C-4
180,Solidago rigida,Solri,Forb
180,Sorghastrum nutans,Sornu,C-4
181,Amorpha canescens,Amoca,Legume
181,Lespedeza capitata,Lesca,Legume
181,Lupinus perennis,Luppe,Legume
181,Petalostemum villosum,Petvi,Legume
182,Bare ground,Bargr,N/A
183,Poa pratensis,Poapr,C-3
184,Achillea millefolium,Achmi,Forb
184,Agropyron repens,Agrre,C-3
184,Amorpha canescens,Amoca,Legume
184,Andropogon gerardi,Andge,C-4
184,Anemone cylindrica,Anecy,Forb
184,Asclepias tuberosa,Asctu,Forb
184,Bouteloua gracilis,Bougr,C-4
184,Bromus inermis,Broin,C-3
184,Koeleria cristata,Koecr,C-3
184,Lespedeza capitata,Lesca,Legume
184,Lupinus perennis,Luppe,Legume
184,Petalostemum villosum,Petvi,Legume
184,Poa pratensis,Poapr,C-3
184,Schizachyrium scoparium,Schsc,C-4
184,Solidago rigida,Solri,Forb
184,Sorghastrum nutans,Sornu,C-4
185,Agropyron repens,Agrre,C-3
185,Andropogon gerardi,Andge,C-4
185,Anemone cylindrica,Anecy,Forb
185,Asclepias tuberosa,Asctu,Forb
185,Bromus inermis,Broin,C-3
185,Lespedeza capitata,Lesca,Legume
185,Schizachyrium scoparium,Schsc,C-4
185,Solidago rigida,Solri,Forb
185,Sorghastrum nutans,Sornu,C-4
186,Amorpha canescens,Amoca,Legume
186,Andropogon gerardi,Andge,C-4
186,Asclepias tuberosa,Asctu,Forb
186,Bromus inermis,Broin,C-3
186,Koeleria cristata,Koecr,C-3
186,Lupinus perennis,Luppe,Legume
186,Petalostemum villosum,Petvi,Legume
186,Poa pratensis,Poapr,C-3
186,Solidago rigida,Solri,Forb
187,Achillea millefolium,Achmi,Forb
187,Agropyron repens,Agrre,C-3
187,Amorpha canescens,Amoca,Legume
187,Andropogon gerardi,Andge,C-4
187,Anemone cylindrica,Anecy,Forb
187,Bouteloua gracilis,Bougr,C-4
187,Koeleria cristata,Koecr,C-3
187,Poa pratensis,Poapr,C-3
187,Schizachyrium scoparium,Schsc,C-4
188,Achillea millefolium,Achmi,Forb
188,Agropyron repens,Agrre,C-3
188,Amorpha canescens,Amoca,Legume
188,Andropogon gerardi,Andge,C-4
188,Anemone cylindrica,Anecy,Forb
188,Asclepias tuberosa,Asctu,Forb
188,Bouteloua gracilis,Bougr,C-4
188,Bromus inermis,Broin,C-3
188,Koeleria cristata,Koecr,C-3
188,Lespedeza capitata,Lesca,Legume
188,Lupinus perennis,Luppe,Legume
188,Petalostemum villosum,Petvi,Legume
188,Poa pratensis,Poapr,C-3
188,Schizachyrium scoparium,Schsc,C-4
188,Solidago rigida,Solri,Forb
188,Sorghastrum nutans,Sornu,C-4
189,Lupinus perennis,Luppe,Legume
189,Petalostemum villosum,Petvi,Legume
189,Poa pratensis,Poapr,C-3
189,Sorghastrum nutans,Sornu,C-4
190,Lupinus perennis,Luppe,Legume
191,Achillea millefolium,Achmi,Forb
191,Asclepias tuberosa,Asctu,Forb
191,Koeleria cristata,Koecr,C-3
191,Solidago rigida,Solri,Forb
192,Asclepias tuberosa,Asctu,Forb
193,Achillea millefolium,Achmi,Forb
193,Agropyron repens,Agrre,C-3
193,Andropogon gerardi,Andge,C-4
193,Sorghastrum nutans,Sornu,C-4
194,Achillea millefolium,Achmi,Forb
194,Agropyron repens,Agrre,C-3
194,Amorpha canescens,Amoca,Legume
194,Asclepias tuberosa,Asctu,Forb
194,Bromus inermis,Broin,C-3
194,Lespedeza capitata,Lesca,Legume
194,Lupinus perennis,Luppe,Legume
194,Schizachyrium scoparium,Schsc,C-4
194,Sorghastrum nutans,Sornu,C-4
195,Koeleria cristata,Koecr,C-3
196,Amorpha canescens,Amoca,Legume
197,Achillea millefolium,Achmi,Forb
197,Andropogon gerardi,Andge,C-4
197,Asclepias tuberosa,Asctu,Forb
197,Bouteloua gracilis,Bougr,C-4
198,Amorpha canescens,Amoca,Legume
198,Andropogon gerardi,Andge,C-4
198,Bouteloua gracilis,Bougr,C-4
198,Solidago rigida,Solri,Forb
199,Solidago rigida,Solri,Forb
200,Achillea millefolium,Achmi,Forb
200,Anemone cylindrica,Anecy,Forb
200,Asclepias tuberosa,Asctu,Forb
200,Solidago rigida,Solri,Forb
201,Achillea millefolium,Achmi,Forb
201,Agropyron repens,Agrre,C-3
201,Amorpha canescens,Amoca,Legume
201,Andropogon gerardi,Andge,C-4
201,Anemone cylindrica,Anecy,Forb
201,Asclepias tuberosa,Asctu,Forb
201,Bouteloua gracilis,Bougr,C-4
201,Bromus inermis,Broin,C-3
201,Koeleria cristata,Koecr,C-3
201,Lespedeza capitata,Lesca,Legume
201,Lupinus perennis,Luppe,Legume
201,Petalostemum villosum,Petvi,Legume
201,Poa pratensis,Poapr,C-3
201,Schizachyrium scoparium,Schsc,C-4
201,Solidago rigida,Solri,Forb
201,Sorghastrum nutans,Sornu,C-4
202,Bromus inermis,Broin,C-3
203,Achillea millefolium,Achmi,Forb
203,Andropogon gerardi,Andge,C-4
203,Bromus inermis,Broin,C-3
203,Petalostemum villosum,Petvi,Legume
204,Bouteloua gracilis,Bougr,C-4
205,Achillea millefolium,Achmi,Forb
205,Agropyron repens,Agrre,C-3
205,Amorpha canescens,Amoca,Legume
205,Andropogon gerardi,Andge,C-4
205,Anemone cylindrica,Anecy,Forb
205,Asclepias tuberosa,Asctu,Forb
205,Bouteloua gracilis,Bougr,C-4
205,Bromus inermis,Broin,C-3
205,Koeleria cristata,Koecr,C-3
205,Lespedeza capitata,Lesca,Legume
205,Lupinus perennis,Luppe,Legume
205,Petalostemum villosum,Petvi,Legume
205,Poa pratensis,Poapr,C-3
205,Schizachyrium scoparium,Schsc,C-4
205,Solidago rigida,Solri,Forb
205,Sorghastrum nutans,Sornu,C-4
206,Achillea millefolium,Achmi,Forb
206,Bouteloua gracilis,Bougr,C-4
206,Schizachyrium scoparium,Schsc,C-4
206,Solidago rigida,Solri,Forb
207,Andropogon gerardi,Andge,C-4
207,Bouteloua gracilis,Bougr,C-4
207,Schizachyrium scoparium,Schsc,C-4
207,Sorghastrum nutans,Sornu,C-4
208,Petalostemum villosum,Petvi,Legume
209,Amorpha canescens,Amoca,Legume
210,Achillea millefolium,Achmi,Forb
211,Anemone cylindrica,Anecy,Forb
211,Bromus inermis,Broin,C-3
211,Koeleria cristata,Koecr,C-3
211,Poa pratensis,Poapr,C-3
212,Lupinus perennis,Luppe,Legume
213,Achillea millefolium,Achmi,Forb
213,Agropyron repens,Agrre,C-3
213,Amorpha canescens,Amoca,Legume
213,Andropogon gerardi,Andge,C-4
213,Anemone cylindrica,Anecy,Forb
213,Asclepias tuberosa,Asctu,Forb
213,Bouteloua gracilis,Bougr,C-4
213,Bromus inermis,Broin,C-3
213,Koeleria cristata,Koecr,C-3
213,Lespedeza capitata,Lesca,Legume
213,Lupinus perennis,Luppe,Legume
213,Petalostemum villosum,Petvi,Legume
213,Poa pratensis,Poapr,C-3
213,Schizachyrium scoparium,Schsc,C-4
213,Solidago rigida,Solri,Forb
213,Sorghastrum nutans,Sornu,C-4
214,Achillea millefolium,Achmi,Forb
214,Anemone cylindrica,Anecy,Forb
214,Asclepias tuberosa,Asctu,Forb
214,Solidago rigida,Solri,Forb
215,Agropyron repens,Agrre,C-3
215,Bromus inermis,Broin,C-3
215,Koeleria cristata,Koecr,C-3
215,Poa pratensis,Poapr,C-3
216,Bouteloua gracilis,Bougr,C-4
216,Bromus inermis,Broin,C-3
216,Lupinus perennis,Luppe,Legume
216,Solidago rigida,Solri,Forb
217,Bare ground,Bargr,N/A
218,Bouteloua gracilis,Bougr,C-4
218,Petalostemum villosum,Petvi,Legume
218,Poa pratensis,Poapr,C-3
218,Solidago rigida,Solri,Forb
219,Andropogon gerardi,Andge,C-4
220,Achillea millefolium,Achmi,Forb
220,Lespedeza capitata,Lesca,Legume
220,Lupinus perennis,Luppe,Legume
220,Schizachyrium scoparium,Schsc,C-4
221,Andropogon gerardi,Andge,C-4
221,Bouteloua gracilis,Bougr,C-4
221,Schizachyrium scoparium,Schsc,C-4
221,Sorghastrum nutans,Sornu,C-4
222,Achillea millefolium,Achmi,Forb
222,Agropyron repens,Agrre,C-3
222,Amorpha canescens,Amoca,Legume
222,Andropogon gerardi,Andge,C-4
222,Anemone cylindrica,Anecy,Forb
222,Asclepias tuberosa,Asctu,Forb
222,Bouteloua gracilis,Bougr,C-4
222,Bromus inermis,Broin,C-3
222,Koeleria cristata,Koecr,C-3
222,Lespedeza capitata,Lesca,Legume
222,Lupinus perennis,Luppe,Legume
222,Petalostemum villosum,Petvi,Legume
222,Poa pratensis,Poapr,C-3
222,Schizachyrium scoparium,Schsc,C-4
222,Solidago rigida,Solri,Forb
222,Sorghastrum nutans,Sornu,C-4
223,Achillea millefolium,Achmi,Forb
224,Achillea millefolium,Achmi,Forb
224,Agropyron repens,Agrre,C-3
224,Amorpha canescens,Amoca,Legume
224,Bouteloua gracilis,Bougr,C-4
224,Lespedeza capitata,Lesca,Legume
224,Petalostemum villosum,Petvi,Legume
224,Schizachyrium scoparium,Schsc,C-4
224,Solidago rigida,Solri,Forb
224,Sorghastrum nutans,Sornu,C-4
225,Agropyron repens,Agrre,C-3
226,Agropyron repens,Agrre,C-3
226,Andropogon gerardi,Andge,C-4
226,Anemone cylindrica,Anecy,Forb
226,Bouteloua gracilis,Bougr,C-4
226,Bromus inermis,Broin,C-3
226,Koeleria cristata,Koecr,C-3
226,Lupinus perennis,Luppe,Legume
226,Poa pratensis,Poapr,C-3
226,Schizachyrium scoparium,Schsc,C-4
227,Bouteloua gracilis,Bougr,C-4
228,Poa pratensis,Poapr,C-3
229,Anemone cylindrica,Anecy,Forb
230,Achillea millefolium,Achmi,Forb
230,Amorpha canescens,Amoca,Legume
230,Andropogon gerardi,Andge,C-4
230,Anemone cylindrica,Anecy,Forb
230,Bromus inermis,Broin,C-3
230,Lespedeza capitata,Lesca,Legume
230,Poa pratensis,Poapr,C-3
230,Solidago rigida,Solri,Forb
230,Sorghastrum nutans,Sornu,C-4
231,Schizachyrium scoparium,Schsc,C-4
232,Achillea millefolium,Achmi,Forb
232,Agropyron repens,Agrre,C-3
232,Amorpha canescens,Amoca,Legume
232,Anemone cylindrica,Anecy,Forb
232,Asclepias tuberosa,Asctu,Forb
232,Bouteloua gracilis,Bougr,C-4
232,Lespedeza capitata,Lesca,Legume
232,Solidago rigida,Solri,Forb
232,Sorghastrum nutans,Sornu,C-4
233,Achillea millefolium,Achmi,Forb
233,Agropyron repens,Agrre,C-3
233,Bouteloua gracilis,Bougr,C-4
233,Bromus inermis,Broin,C-3
233,Koeleria cristata,Koecr,C-3
233,Lespedeza capitata,Lesca,Legume
233,Lupinus perennis,Luppe,Legume
233,Schizachyrium scoparium,Schsc,C-4
233,Sorghastrum nutans,Sornu,C-4
234,Achillea millefolium,Achmi,Forb
234,Agropyron repens,Agrre,C-3
234,Amorpha canescens,Amoca,Legume
234,Andropogon gerardi,Andge,C-4
234,Anemone cylindrica,Anecy,Forb
234,Asclepias tuberosa,Asctu,Forb
234,Bouteloua gracilis,Bougr,C-4
234,Bromus inermis,Broin,C-3
234,Koeleria cristata,Koecr,C-3
234,Lespedeza capitata,Lesca,Legume
234,Lupinus perennis,Luppe,Legume
234,Petalostemum villosum,Petvi,Legume
234,Poa pratensis,Poapr,C-3
234,Schizachyrium scoparium,Schsc,C-4
234,Solidago rigida,Solri,Forb
234,Sorghastrum nutans,Sornu,C-4
235,Agropyron repens,Agrre,C-3
236,Achillea millefolium,Achmi,Forb
236,Agropyron repens,Agrre,C-3
236,Amorpha canescens,Amoca,Legume
236,Andropogon gerardi,Andge,C-4
236,Anemone cylindrica,Anecy,Forb
236,Asclepias tuberosa,Asctu,Forb
236,Bouteloua gracilis,Bougr,C-4
236,Bromus inermis,Broin,C-3
236,Koeleria cristata,Koecr,C-3
236,Lespedeza capitata,Lesca,Legume
236,Lupinus perennis,Luppe,Legume
236,Petalostemum villosum,Petvi,Legume
236,Poa pratensis,Poapr,C-3
236,Schizachyrium scoparium,Schsc,C-4
236,Solidago rigida,Solri,Forb
236,Sorghastrum nutans,Sornu,C-4
237,Anemone cylindrica,Anecy,Forb
238,Andropogon gerardi,Andge,C-4
238,Asclepias tuberosa,Asctu,Forb
238,Lespedeza capitata,Lesca,Legume
238,Poa pratensis,Poapr,C-3
239,Andropogon gerardi,Andge,C-4
239,Lespedeza capitata,Lesca,Legume
239,Schizachyrium scoparium,Schsc,C-4
239,Solidago rigida,Solri,Forb
240,Amorpha canescens,Amoca,Legume
240,Lespedeza capitata,Lesca,Legume
240,Lupinus perennis,Luppe,Legume
240,Petalostemum villosum,Petvi,Legume
241,Lespedeza capitata,Lesca,Legume
242,Amorpha canescens,Amoca,Legume
242,Lespedeza capitata,Lesca,Legume
242,Lupinus perennis,Luppe,Legume
242,Petalostemum villosum,Petvi,Legume
243,Anemone cylindrica,Anecy,Forb
243,Asclepias tuberosa,Asctu,Forb
243,Bromus inermis,Broin,C-3
243,Koeleria cristata,Koecr,C-3
243,Lespedeza capitata,Lesca,Legume
243,Lupinus perennis,Luppe,Legume
243,Petalostemum villosum,Petvi,Legume
243,Poa pratensis,Poapr,C-3
243,Solidago rigida,Solri,Forb
244,Agropyron repens,Agrre,C-3
244,Bromus inermis,Broin,C-3
244,Koeleria cristata,Koecr,C-3
244,Poa pratensis,Poapr,C-3
245,Achillea millefolium,Achmi,Forb
245,Amorpha canescens,Amoca,Legume
245,Andropogon gerardi,Andge,C-4
245,Bouteloua gracilis,Bougr,C-4
245,Bromus inermis,Broin,C-3
245,Koeleria cristata,Koecr,C-3
245,Lupinus perennis,Luppe,Legume
245,Petalostemum villosum,Petvi,Legume
245,Schizachyrium scoparium,Schsc,C-4
246,Poa pratensis,Poapr,C-3
247,Andropogon gerardi,Andge,C-4
247,Bouteloua gracilis,Bougr,C-4
247,Schizachyrium scoparium,Schsc,C-4
247,Sorghastrum nutans,Sornu,C-4
248,Asclepias tuberosa,Asctu,Forb
249,Agropyron repens,Agrre,C-3
249,Asclepias tuberosa,Asctu,Forb
249,Bromus inermis,Broin,C-3
249,Koeleria cristata,Koecr,C-3
250,Achillea millefolium,Achmi,Forb
250,Agropyron repens,Agrre,C-3
250,Amorpha canescens,Amoca,Legume
250,Andropogon gerardi,Andge,C-4
250,Anemone cylindrica,Anecy,Forb
250,Asclepias tuberosa,Asctu,Forb
250,Bouteloua gracilis,Bougr,C-4
250,Bromus inermis,Broin,C-3
250,Koeleria cristata,Koecr,C-3
250,Lespedeza capitata,Lesca,Legume
250,Lupinus perennis,Luppe,Legume
250,Petalostemum villosum,Petvi,Legume
250,Poa pratensis,Poapr,C-3
250,Schizachyrium scoparium,Schsc,C-4
250,Solidago rigida,Solri,Forb
250,Sorghastrum nutans,Sornu,C-4
251,Andropogon gerardi,Andge,C-4
252,Andropogon gerardi,Andge,C-4
253,Achillea millefolium,Achmi,Forb
253,Agropyron repens,Agrre,C-3
253,Amorpha canescens,Amoca,Legume
253,Andropogon gerardi,Andge,C-4
253,Anemone cylindrica,Anecy,Forb
253,Asclepias tuberosa,Asctu,Forb
253,Bouteloua gracilis,Bougr,C-4
253,Bromus inermis,Broin,C-3
253,Koeleria cristata,Koecr,C-3
253,Lespedeza capitata,Lesca,Legume
253,Lupinus perennis,Luppe,Legume
253,Petalostemum villosum,Petvi,Legume
253,Poa pratensis,Poapr,C-3
253,Schizachyrium scoparium,Schsc,C-4
253,Solidago rigida,Solri,Forb
253,Sorghastrum nutans,Sornu,C-4
254,Schizachyrium scoparium,Schsc,C-4
255,Bromus inermis,Broin,C-3
255,Lupinus perennis,Luppe,Legume
255,Petalostemum villosum,Petvi,Legume
255,Schizachyrium scoparium,Schsc,C-4
256,Lespedeza capitata,Lesca,Legume
257,Achillea millefolium,Achmi,Forb
258,Bromus inermis,Broin,C-3
258,Petalostemum villosum,Petvi,Legume
258,Solidago rigida,Solri,Forb
258,Sorghastrum nutans,Sornu,C-4
259,Achillea millefolium,Achmi,Forb
259,Andropogon gerardi,Andge,C-4
259,Poa pratensis,Poapr,C-3
259,Sorghastrum nutans,Sornu,C-4
260,Koeleria cristata,Koecr,C-3
261,Koeleria cristata,Koecr,C-3
262,Lupinus perennis,Luppe,Legume
263,Bouteloua gracilis,Bougr,C-4
264,Achillea millefolium,Achmi,Forb
264,Andropogon gerardi,Andge,C-4
264,Bouteloua gracilis,Bougr,C-4
264,Bromus inermis,Broin,C-3
264,Lespedeza capitata,Lesca,Legume
264,Lupinus perennis,Luppe,Legume
264,Poa pratensis,Poapr,C-3
264,Schizachyrium scoparium,Schsc,C-4
264,Sorghastrum nutans,Sornu,C-4
265,Bouteloua gracilis,Bougr,C-4
266,Bromus inermis,Broin,C-3
267,Achillea millefolium,Achmi,Forb
267,Agropyron repens,Agrre,C-3
267,Amorpha canescens,Amoca,Legume
267,Andropogon gerardi,Andge,C-4
267,Anemone cylindrica,Anecy,Forb
267,Asclepias tuberosa,Asctu,Forb
267,Bouteloua gracilis,Bougr,C-4
267,Bromus inermis,Broin,C-3
267,Koeleria cristata,Koecr,C-3
267,Lespedeza capitata,Lesca,Legume
267,Lupinus perennis,Luppe,Legume
267,Petalostemum villosum,Petvi,Legume
267,Poa pratensis,Poapr,C-3
267,Schizachyrium scoparium,Schsc,C-4
267,Solidago rigida,Solri,Forb
267,Sorghastrum nutans,Sornu,C-4
268,Agropyron repens,Agrre,C-3
268,Bromus inermis,Broin,C-3
268,Koeleria cristata,Koecr,C-3
268,Poa pratensis,Poapr,C-3
269,Amorpha canescens,Amoca,Legume
269,Lespedeza capitata,Lesca,Legume
269,Lupinus perennis,Luppe,Legume
269,Petalostemum villosum,Petvi,Legume
270,Achillea millefolium,Achmi,Forb
270,Agropyron repens,Agrre,C-3
270,Amorpha canescens,Amoca,Legume
270,Andropogon gerardi,Andge,C-4
270,Anemone cylindrica,Anecy,Forb
270,Asclepias tuberosa,Asctu,Forb
270,Bouteloua gracilis,Bougr,C-4
270,Bromus inermis,Broin,C-3
270,Koeleria cristata,Koecr,C-3
270,Lespedeza capitata,Lesca,Legume
270,Lupinus perennis,Luppe,Legume
270,Petalostemum villosum,Petvi,Legume
270,Poa pratensis,Poapr,C-3
270,Schizachyrium scoparium,Schsc,C-4
270,Solidago rigida,Solri,Forb
270,Sorghastrum nutans,Sornu,C-4
271,Anemone cylindrica,Anecy,Forb
272,Achillea millefolium,Achmi,Forb
272,Agropyron repens,Agrre,C-3
272,Amorpha canescens,Amoca,Legume
272,Andropogon gerardi,Andge,C-4
272,Anemone cylindrica,Anecy,Forb
272,Asclepias tuberosa,Asctu,Forb
272,Bouteloua gracilis,Bougr,C-4
272,Bromus inermis,Broin,C-3
272,Koeleria cristata,Koecr,C-3
272,Lespedeza capitata,Lesca,Legume
272,Lupinus perennis,Luppe,Legume
272,Petalostemum villosum,Petvi,Legume
272,Poa pratensis,Poapr,C-3
272,Schizachyrium scoparium,Schsc,C-4
272,Solidago rigida,Solri,Forb
272,Sorghastrum nutans,Sornu,C-4
273,Sorghastrum nutans,Sornu,C-4
274,Agropyron repens,Agrre,C-3
274,Amorpha canescens,Amoca,Legume
274,Bouteloua gracilis,Bougr,C-4
274,Bromus inermis,Broin,C-3
274,Koeleria cristata,Koecr,C-3
274,Lupinus perennis,Luppe,Legume
274,Poa pratensis,Poapr,C-3
274,Schizachyrium scoparium,Schsc,C-4
274,Sorghastrum nutans,Sornu,C-4
275,Achillea millefolium,Achmi,Forb
275,Agropyron repens,Agrre,C-3
275,Amorpha canescens,Amoca,Legume
275,Andropogon gerardi,Andge,C-4
275,Anemone cylindrica,Anecy,Forb
275,Asclepias tuberosa,Asctu,Forb
275,Bouteloua gracilis,Bougr,C-4
275,Bromus inermis,Broin,C-3
275,Koeleria cristata,Koecr,C-3
275,Lespedeza capitata,Lesca,Legume
275,Lupinus perennis,Luppe,Legume
275,Petalostemum villosum,Petvi,Legume
275,Poa pratensis,Poapr,C-3
275,Schizachyrium scoparium,Schsc,C-4
275,Solidago rigida,Solri,Forb
275,Sorghastrum nutans,Sornu,C-4
276,Achillea millefolium,Achmi,Forb
277,Sorghastrum nutans,Sornu,C-4
278,Achillea millefolium,Achmi,Forb
278,Agropyron repens,Agrre,C-3
278,Amorpha canescens,Amoca,Legume
278,Anemone cylindrica,Anecy,Forb
278,Bouteloua gracilis,Bougr,C-4
278,Koeleria cristata,Koecr,C-3
278,Lupinus perennis,Luppe,Legume
278,Schizachyrium scoparium,Schsc,C-4
278,Solidago rigida,Solri,Forb
279,Amorpha canescens,Amoca,Legume
280,Achillea millefolium,Achmi,Forb
280,Agropyron repens,Agrre,C-3
280,Amorpha canescens,Amoca,Legume
280,Andropogon gerardi,Andge,C-4
280,Asclepias tuberosa,Asctu,Forb
280,Bouteloua gracilis,Bougr,C-4
280,Lupinus perennis,Luppe,Legume
280,Petalostemum villosum,Petvi,Legume
280,Schizachyrium scoparium,Schsc,C-4
281,Anemone cylindrica,Anecy,Forb
281,Petalostemum villosum,Petvi,Legume
281,Poa pratensis,Poapr,C-3
281,Sorghastrum nutans,Sornu,C-4
282,Achillea millefolium,Achmi,Forb
282,Agropyron repens,Agrre,C-3
282,Andropogon gerardi,Andge,C-4
282,Anemone cylindrica,Anecy,Forb
282,Bouteloua gracilis,Bougr,C-4
282,Lespedeza capitata,Lesca,Legume
282,Petalostemum villosum,Petvi,Legume
282,Poa pratensis,Poapr,C-3
282,Sorghastrum nutans,Sornu,C-4
283,Achillea millefolium,Achmi,Forb
283,Agropyron repens,Agrre,C-3
283,Amorpha canescens,Amoca,Legume
283,Andropogon gerardi,Andge,C-4
283,Anemone cylindrica,Anecy,Forb
283,Asclepias tuberosa,Asctu,Forb
283,Bouteloua gracilis,Bougr,C-4
283,Bromus inermis,Broin,C-3
283,Koeleria cristata,Koecr,C-3
283,Lespedeza capitata,Lesca,Legume
283,Lupinus perennis,Luppe,Legume
283,Petalostemum villosum,Petvi,Legume
283,Poa pratensis,Poapr,C-3
283,Schizachyrium scoparium,Schsc,C-4
283,Solidago rigida,Solri,Forb
283,Sorghastrum nutans,Sornu,C-4
284,Bare ground,Bargr,N/A
285,Petalostemum villosum,Petvi,Legume
286,Achillea millefolium,Achmi,Forb
286,Agropyron repens,Agrre,C-3
286,Andropogon gerardi,Andge,C-4
286,Lespedeza capitata,Lesca,Legume
287,Agropyron repens,Agrre,C-3
287,Bromus inermis,Broin,C-3
287,Koeleria cristata,Koecr,C-3
287,Poa pratensis,Poapr,C-3
288,Anemone cylindrica,Anecy,Forb
288,Bouteloua gracilis,Bougr,C-4
288,Lupinus perennis,Luppe,Legume
288,Poa pratensis,Poapr,C-3
289,Bare ground,Bargr,N/A
290,Achillea millefolium,Achmi,Forb
290,Andropogon gerardi,Andge,C-4
290,Anemone cylindrica,Anecy,Forb
290,Lespedeza capitata,Lesca,Legume
291,Amorpha canescens,Amoca,Legume
291,Andropogon gerardi,Andge,C-4
291,Poa pratensis,Poapr,C-3
291,Solidago rigida,Solri,Forb
292,Bouteloua gracilis,Bougr,C-4
292,Koeleria cristata,Koecr,C-3
292,Lupinus perennis,Luppe,Legume
292,Solidago rigida,Solri,Forb
293,Achillea millefolium,Achmi,Forb
293,Agropyron repens,Agrre,C-3
293,Amorpha canescens,Amoca,Legume
293,Andropogon gerardi,Andge,C-4
293,Anemone cylindrica,Anecy,Forb
293,Asclepias tuberosa,Asctu,Forb
293,Bromus inermis,Broin,C-3
293,Lespedeza capitata,Lesca,Legume
293,Petalostemum villosum,Petvi,Legume
294,Achillea millefolium,Achmi,Forb
294,Andropogon gerardi,Andge,C-4
294,Asclepias tuberosa,Asctu,Forb
294,Bouteloua gracilis,Bougr,C-4
294,Bromus inermis,Broin,C-3
294,Koeleria cristata,Koecr,C-3
294,Lespedeza capitata,Lesca,Legume
294,Petalostemum villosum,Petvi,Legume
294,Poa pratensis,Poapr,C-3
295,Petalostemum villosum,Petvi,Legume
296,Achillea millefolium,Achmi,Forb
296,Anemone cylindrica,Anecy,Forb
296,Asclepias tuberosa,Asctu,Forb
296,Solidago rigida,Solri,Forb
297,Agropyron repens,Agrre,C-3
297,Amorpha canescens,Amoca,Legume
297,Bromus inermis,Broin,C-3
297,Petalostemum villosum,Petvi,Legume
298,Amorpha canescens,Amoca,Legume
298,Lespedeza capitata,Lesca,Legume
298,Lupinus perennis,Luppe,Legume
298,Petalostemum villosum,Petvi,Legume
299,Achillea millefolium,Achmi,Forb
299,Agropyron repens,Agrre,C-3
299,Amorpha canescens,Amoca,Legume
299,Andropogon gerardi,Andge,C-4
299,Anemone cylindrica,Anecy,Forb
299,Bouteloua gracilis,Bougr,C-4
299,Koeleria cristata,Koecr,C-3
299,Petalostemum villosum,Petvi,Legume
299,Sorghastrum nutans,Sornu,C-4
300,Achillea millefolium,Achmi,Forb
300,Agropyron repens,Agrre,C-3
300,Anemone cylindrica,Anecy,Forb
300,Koeleria cristata,Koecr,C-3
300,Lupinus perennis,Luppe,Legume
300,Petalostemum villosum,Petvi,Legume
300,Poa pratensis,Poapr,C-3
300,Solidago rigida,Solri,Forb
300,Sorghastrum nutans,Sornu,C-4
301,Achillea millefolium,Achmi,Forb
301,Agropyron repens,Agrre,C-3
301,Amorpha canescens,Amoca,Legume
301,Andropogon gerardi,Andge,C-4
301,Anemone cylindrica,Anecy,Forb
301,Asclepias tuberosa,Asctu,Forb
301,Bouteloua gracilis,Bougr,C-4
301,Bromus inermis,Broin,C-3
301,Koeleria cristata,Koecr,C-3
301,Lespedeza capitata,Lesca,Legume
301,Lupinus perennis,Luppe,Legume
301,Petalostemum villosum,Petvi,Legume
301,Poa pratensis,Poapr,C-3
301,Schizachyrium scoparium,Schsc,C-4
301,Solidago rigida,Solri,Forb
301,Sorghastrum nutans,Sornu,C-4
302,Achillea millefolium,Achmi,Forb
302,Anemone cylindrica,Anecy,Forb
302,Asclepias tuberosa,Asctu,Forb
302,Solidago rigida,Solri,Forb
303,Andropogon gerardi,Andge,C-4
303,Bouteloua gracilis,Bougr,C-4
303,Schizachyrium scoparium,Schsc,C-4
303,Sorghastrum nutans,Sornu,C-4
304,Lespedeza capitata,Lesca,Legume
305,Lespedeza capitata,Lesca,Legume
305,Lupinus perennis,Luppe,Legume
305,Petalostemum villosum,Petvi,Legume
305,Schizachyrium scoparium,Schsc,C-4
306,Achillea millefolium,Achmi,Forb
306,Agropyron repens,Agrre,C-3
306,Amorpha canescens,Amoca,Legume
306,Andropogon gerardi,Andge,C-4
306,Anemone cylindrica,Anecy,Forb
306,Asclepias tuberosa,Asctu,Forb
306,Bouteloua gracilis,Bougr,C-4
306,Bromus inermis,Broin,C-3
306,Koeleria cristata,Koecr,C-3
306,Lespedeza capitata,Lesca,Legume
306,Lupinus perennis,Luppe,Legume
306,Petalostemum villosum,Petvi,Legume
306,Poa pratensis,Poapr,C-3
306,Schizachyrium scoparium,Schsc,C-4
306,Solidago rigida,Solri,Forb
306,Sorghastrum nutans,Sornu,C-4
307,Achillea millefolium,Achmi,Forb
307,Agropyron repens,Agrre,C-3
307,Amorpha canescens,Amoca,Legume
307,Andropogon gerardi,Andge,C-4
307,Anemone cylindrica,Anecy,Forb
307,Asclepias tuberosa,Asctu,Forb
307,Bouteloua gracilis,Bougr,C-4
307,Bromus inermis,Broin,C-3
307,Koeleria cristata,Koecr,C-3
307,Lespedeza capitata,Lesca,Legume
307,Lupinus perennis,Luppe,Legume
307,Petalostemum villosum,Petvi,Legume
307,Poa pratensis,Poapr,C-3
307,Schizachyrium scoparium,Schsc,C-4
307,Solidago rigida,Solri,Forb
307,Sorghastrum nutans,Sornu,C-4
308,Agropyron repens,Agrre,C-3
308,Amorpha canescens,Amoca,Legume
308,Asclepias tuberosa,Asctu,Forb
308,Bouteloua gracilis,Bougr,C-4
308,Lespedeza capitata,Lesca,Legume
308,Lupinus perennis,Luppe,Legume
308,Petalostemum villosum,Petvi,Legume
308,Poa pratensis,Poapr,C-3
308,Solidago rigida,Solri,Forb
309,Achillea millefolium,Achmi,Forb
309,Koeleria cristata,Koecr,C-3
309,Petalostemum villosum,Petvi,Legume
309,Solidago rigida,Solri,Forb
310,Koeleria cristata,Koecr,C-3
311,Achillea millefolium,Achmi,Forb
311,Agropyron repens,Agrre,C-3
311,Amorpha canescens,Amoca,Legume
311,Andropogon gerardi,Andge,C-4
311,Anemone cylindrica,Anecy,Forb
311,Asclepias tuberosa,Asctu,Forb
311,Bouteloua gracilis,Bougr,C-4
311,Bromus inermis,Broin,C-3
311,Koeleria cristata,Koecr,C-3
311,Lespedeza capitata,Lesca,Legume
311,Lupinus perennis,Luppe,Legume
311,Petalostemum villosum,Petvi,Legume
311,Poa pratensis,Poapr,C-3
311,Schizachyrium scoparium,Schsc,C-4
311,Solidago rigida,Solri,Forb
311,Sorghastrum nutans,Sornu,C-4
312,Achillea millefolium,Achmi,Forb
312,Andropogon gerardi,Andge,C-4
312,Anemone cylindrica,Anecy,Forb
312,Koeleria cristata,Koecr,C-3
312,Lespedeza capitata,Lesca,Legume
312,Lupinus perennis,Luppe,Legume
312,Petalostemum villosum,Petvi,Legume
312,Schizachyrium scoparium,Schsc,C-4
312,Sorghastrum nutans,Sornu,C-4
313,Achillea millefolium,Achmi,Forb
313,Anemone cylindrica,Anecy,Forb
313,Asclepias tuberosa,Asctu,Forb
313,Solidago rigida,Solri,Forb
314,Solidago rigida,Solri,Forb
315,Andropogon gerardi,Andge,C-4
315,Bouteloua gracilis,Bougr,C-4
315,Schizachyrium scoparium,Schsc,C-4
315,Sorghastrum nutans,Sornu,C-4
316,Amorpha canescens,Amoca,Legume
317,Amorpha canescens,Amoca,Legume
317,Andropogon gerardi,Andge,C-4
317,Lespedeza capitata,Lesca,Legume
317,Sorghastrum nutans,Sornu,C-4
318,Lespedeza capitata,Lesca,Legume
319,Anemone cylindrica,Anecy,Forb
319,Lupinus perennis,Luppe,Legume
319,Petalostemum villosum,Petvi,Legume
319,Poa pratensis,Poapr,C-3
320,Achillea millefolium,Achmi,Forb
320,Amorpha canescens,Amoca,Legume
320,Bouteloua gracilis,Bougr,C-4
320,Bromus inermis,Broin,C-3
320,Koeleria cristata,Koecr,C-3
320,Lespedeza capitata,Lesca,Legume
320,Petalostemum villosum,Petvi,Legume
320,Poa pratensis,Poapr,C-3
320,Sorghastrum nutans,Sornu,C-4
321,Achillea millefolium,Achmi,Forb
321,Agropyron repens,Agrre,C-3
321,Amorpha canescens,Amoca,Legume
321,Andropogon gerardi,Andge,C-4
321,Anemone cylindrica,Anecy,Forb
321,Asclepias tuberosa,Asctu,Forb
321,Bouteloua gracilis,Bougr,C-4
321,Bromus inermis,Broin,C-3
321,Koeleria cristata,Koecr,C-3
321,Lespedeza capitata,Lesca,Legume
321,Lupinus perennis,Luppe,Legume
321,Petalostemum villosum,Petvi,Legume
321,Poa pratensis,Poapr,C-3
321,Schizachyrium scoparium,Schsc,C-4
321,Solidago rigida,Solri,Forb
321,Sorghastrum nutans,Sornu,C-4
322,Lespedeza capitata,Lesca,Legume
323,Bouteloua gracilis,Bougr,C-4
324,Agropyron repens,Agrre,C-3
324,Amorpha canescens,Amoca,Legume
324,Andropogon gerardi,Andge,C-4
324,Anemone cylindrica,Anecy,Forb
324,Asclepias tuberosa,Asctu,Forb
324,Koeleria cristata,Koecr,C-3
324,Lespedeza capitata,Lesca,Legume
324,Petalostemum villosum,Petvi,Legume
324,Sorghastrum nutans,Sornu,C-4
325,Agropyron repens,Agrre,C-3
325,Amorpha canescens,Amoca,Legume
325,Asclepias tuberosa,Asctu,Forb
325,Solidago rigida,Solri,Forb
326,Achillea millefolium,Achmi,Forb
326,Agropyron repens,Agrre,C-3
326,Bouteloua gracilis,Bougr,C-4
326,Petalostemum villosum,Petvi,Legume
327,Anemone cylindrica,Anecy,Forb
328,Andropogon gerardi,Andge,C-4
328,Bromus inermis,Broin,C-3
328,Lupinus perennis,Luppe,Legume
328,Poa pratensis,Poapr,C-3
329,Asclepias tuberosa,Asctu,Forb
330,Amorpha canescens,Amoca,Legume
331,Sorghastrum nutans,Sornu,C-4
332,Agropyron repens,Agrre,C-3
332,Andropogon gerardi,Andge,C-4
332,Asclepias tuberosa,Asctu,Forb
332,Lespedeza capitata,Lesca,Legume
333,Poa pratensis,Poapr,C-3
334,Agropyron repens,Agrre,C-3
334,Anemone cylindrica,Anecy,Forb
334,Koeleria cristata,Koecr,C-3
334,Lespedeza capitata,Lesca,Legume
335,Agropyron repens,Agrre,C-3
335,Amorpha canescens,Amoca,Legume
335,Andropogon gerardi,Andge,C-4
335,Bouteloua gracilis,Bougr,C-4
335,Bromus inermis,Broin,C-3
335,Lupinus perennis,Luppe,Legume
335,Schizachyrium scoparium,Schsc,C-4
335,Solidago rigida,Solri,Forb
335,Sorghastrum nutans,Sornu,C-4
336,Koeleria cristata,Koecr,C-3
337,Amorpha canescens,Amoca,Legume
337,Anemone cylindrica,Anecy,Forb
337,Lespedeza capitata,Lesca,Legume
337,Petalostemum villosum,Petvi,Legume
338,Solidago rigida,Solri,Forb
339,Achillea millefolium,Achmi,Forb
340,Agropyron repens,Agrre,C-3
340,Bromus inermis,Broin,C-3
340,Koeleria cristata,Koecr,C-3
340,Poa pratensis,Poapr,C-3
341,Amorpha canescens,Amoca,Legume
341,Asclepias tuberosa,Asctu,Forb
341,Bouteloua gracilis,Bougr,C-4
341,Bromus inermis,Broin,C-3
341,Lupinus perennis,Luppe,Legume
341,Petalostemum villosum,Petvi,Legume
341,Poa pratensis,Poapr,C-3
341,Schizachyrium scoparium,Schsc,C-4
341,Solidago rigida,Solri,Forb
342,Asclepias tuberosa,Asctu,Forb
343,Andropogon gerardi,Andge,C-4
344,Achillea millefolium,Achmi,Forb
344,Agropyron repens,Agrre,C-3
344,Amorpha canescens,Amoca,Legume
344,Andropogon gerardi,Andge,C-4
344,Anemone cylindrica,Anecy,Forb
344,Asclepias tuberosa,Asctu,Forb
344,Bouteloua gracilis,Bougr,C-4
344,Bromus inermis,Broin,C-3
344,Koeleria cristata,Koecr,C-3
344,Lespedeza capitata,Lesca,Legume
344,Lupinus perennis,Luppe,Legume
344,Petalostemum villosum,Petvi,Legume
344,Poa pratensis,Poapr,C-3
344,Schizachyrium scoparium,Schsc,C-4
344,Solidago rigida,Solri,Forb
344,Sorghastrum nutans,Sornu,C-4
345,Schizachyrium scoparium,Schsc,C-4
346,Amorpha canescens,Amoca,Legume
346,Asclepias tuberosa,Asctu,Forb
346,Bouteloua gracilis,Bougr,C-4
346,Koeleria cristata,Koecr,C-3
347,Petalostemum villosum,Petvi,Legume
348,Andropogon gerardi,Andge,C-4
348,Bouteloua gracilis,Bougr,C-4
348,Schizachyrium scoparium,Schsc,C-4
348,Sorghastrum nutans,Sornu,C-4
349,Schizachyrium scoparium,Schsc,C-4
350,Amorpha canescens,Amoca,Legume
350,Lespedeza capitata,Lesca,Legume
350,Lupinus perennis,Luppe,Legume
350,Petalostemum villosum,Petvi,Legume
351,Achillea millefolium,Achmi,Forb
351,Anemone cylindrica,Anecy,Forb
351,Asclepias tuberosa,Asctu,Forb
351,Solidago rigida,Solri,Forb
352,Bromus inermis,Broin,C-3
353,Andropogon gerardi,Andge,C-4
353,Bromus inermis,Broin,C-3
353,Petalostemum villosum,Petvi,Legume
353,Poa pratensis,Poapr,C-3
354,Achillea millefolium,Achmi,Forb
354,Agropyron repens,Agrre,C-3
354,Amorpha canescens,Amoca,Legume
354,Andropogon gerardi,Andge,C-4
354,Anemone cylindrica,Anecy,Forb
354,Asclepias tuberosa,Asctu,Forb
354,Bouteloua gracilis,Bougr,C-4
354,Bromus inermis,Broin,C-3
354,Koeleria cristata,Koecr,C-3
354,Lespedeza capitata,Lesca,Legume
354,Lupinus perennis,Luppe,Legume
354,Petalostemum villosum,Petvi,Legume
354,Poa pratensis,Poapr,C-3
354,Schizachyrium scoparium,Schsc,C-4
354,Solidago rigida,Solri,Forb
354,Sorghastrum nutans,Sornu,C-4
355,Achillea millefolium,Achmi,Forb
355,Agropyron repens,Agrre,C-3
355,Amorpha canescens,Amoca,Legume
355,Andropogon gerardi,Andge,C-4
355,Anemone cylindrica,Anecy,Forb
355,Asclepias tuberosa,Asctu,Forb
355,Bouteloua gracilis,Bougr,C-4
355,Bromus inermis,Broin,C-3
355,Koeleria cristata,Koecr,C-3
355,Lespedeza capitata,Lesca,Legume
355,Lupinus perennis,Luppe,Legume
355,Petalostemum villosum,Petvi,Legume
355,Poa pratensis,Poapr,C-3
355,Schizachyrium scoparium,Schsc,C-4
355,Solidago rigida,Solri,Forb
355,Sorghastrum nutans,Sornu,C-4
356,Asclepias tuberosa,Asctu,Forb
356,Bouteloua gracilis,Bougr,C-4
356,Koeleria cristata,Koecr,C-3
356,Lespedeza capitata,Lesca,Legume
356,Petalostemum villosum,Petvi,Legume
356,Poa pratensis,Poapr,C-3
356,Schizachyrium scoparium,Schsc,C-4
356,Solidago rigida,Solri,Forb
356,Sorghastrum nutans,Sornu,C-4
357,Achillea millefolium,Achmi,Forb
357,Amorpha canescens,Amoca,Legume
357,Anemone cylindrica,Anecy,Forb
357,Bouteloua gracilis,Bougr,C-4
357,Koeleria cristata,Koecr,C-3
357,Lespedeza capitata,Lesca,Legume
357,Lupinus perennis,Luppe,Legume
357,Schizachyrium scoparium,Schsc,C-4
357,Sorghastrum nutans,Sornu,C-4
358,Achillea millefolium,Achmi,Forb
358,Agropyron repens,Agrre,C-3
358,Amorpha canescens,Amoca,Legume
358,Andropogon gerardi,Andge,C-4
358,Anemone cylindrica,Anecy,Forb
358,Asclepias tuberosa,Asctu,Forb
358,Bouteloua gracilis,Bougr,C-4
358,Bromus inermis,Broin,C-3
358,Koeleria cristata,Koecr,C-3
358,Lespedeza capitata,Lesca,Legume
358,Lupinus perennis,Luppe,Legume
358,Petalostemum villosum,Petvi,Legume
358,Poa pratensis,Poapr,C-3
358,Schizachyrium scoparium,Schsc,C-4
358,Solidago rigida,Solri,Forb
358,Sorghastrum nutans,Sornu,C-4
359,Amorpha canescens,Amoca,Legume
359,Asclepias tuberosa,Asctu,Forb
359,Bouteloua gracilis,Bougr,C-4
359,Bromus inermis,Broin,C-3
360,Achillea millefolium,Achmi,Forb
360,Agropyron repens,Agrre,C-3
360,Andropogon gerardi,Andge,C-4
360,Anemone cylindrica,Anecy,Forb
360,Asclepias tuberosa,Asctu,Forb
360,Koeleria cristata,Koecr,C-3
360,Lespedeza capitata,Lesca,Legume
360,Lupinus perennis,Luppe,Legume
360,Petalostemum villosum,Petvi,Legume
361,Achillea millefolium,Achmi,Forb
361,Agropyron repens,Agrre,C-3
361,Amorpha canescens,Amoca,Legume
361,Anemone cylindrica,Anecy,Forb
361,Bromus inermis,Broin,C-3
361,Koeleria cristata,Koecr,C-3
361,Poa pratensis,Poapr,C-3
361,Schizachyrium scoparium,Schsc,C-4
361,Sorghastrum nutans,Sornu,C-4
362,Sorghastrum nutans,Sornu,C-4
363,Amorpha canescens,Amoca,Legume
363,Lespedeza capitata,Lesca,Legume
363,Lupinus perennis,Luppe,Legume
363,Petalostemum villosum,Petvi,Legume
364,Agropyron repens,Agrre,C-3
364,Bromus inermis,Broin,C-3
364,Koeleria cristata,Koecr,C-3
364,Poa pratensis,Poapr,C-3
365,Achillea millefolium,Achmi,Forb
365,Schizachyrium scoparium,Schsc,C-4
365,Solidago rigida,Solri,Forb
365,Sorghastrum nutans,Sornu,C-4
366,Achillea millefolium,Achmi,Forb
367,Bare ground,Bargr,N/A
368,Bare ground,Bargr,N/A
369,Bare ground,Bargr,N/A
370,Bare ground,Bargr,N/A
371,Bare ground,Bargr,N/A
